"Id","Name","Work"
"0","Varteta Technologies","Varteta Learning Platform Channel"
"1","Varteta Technologies","Varteta Learning Platform Channel"
"2","Varteta Technologies","Varteta Learning Platform Channel"
"3","Varteta Technologies","Varteta Learning Platform Channel"
"4","Varteta Technologies","Varteta Learning Platform Channel"
"5","Varteta Technologies","Varteta Learning Platform Channel"
"6","Varteta Technologies","Varteta Learning Platform Channel"
"7","Varteta Technologies","Varteta Learning Platform Channel"
"8","Varteta Technologies","Varteta Learning Platform Channel"
"9","Varteta Technologies","Varteta Learning Platform Channel"
"10","Varteta Technologies","Varteta Learning Platform Channel"
"11","Varteta Technologies","Varteta Learning Platform Channel"
"12","Varteta Technologies","Varteta Learning Platform Channel"
"13","Varteta Technologies","Varteta Learning Platform Channel"
"14","Varteta Technologies","Varteta Learning Platform Channel"
"15","Varteta Technologies","Varteta Learning Platform Channel"
"16","Varteta Technologies","Varteta Learning Platform Channel"
"17","Varteta Technologies","Varteta Learning Platform Channel"
"18","Varteta Technologies","Varteta Learning Platform Channel"
"19","Varteta Technologies","Varteta Learning Platform Channel"
"20","Varteta Technologies","Varteta Learning Platform Channel"
"21","Varteta Technologies","Varteta Learning Platform Channel"
"22","Varteta Technologies","Varteta Learning Platform Channel"
"23","Varteta Technologies","Varteta Learning Platform Channel"
"24","Varteta Technologies","Varteta Learning Platform Channel"
"25","Varteta Technologies","Varteta Learning Platform Channel"
"26","Varteta Technologies","Varteta Learning Platform Channel"
"27","Varteta Technologies","Varteta Learning Platform Channel"
"28","Varteta Technologies","Varteta Learning Platform Channel"
"29","Varteta Technologies","Varteta Learning Platform Channel"
"30","Varteta Technologies","Varteta Learning Platform Channel"
"31","Varteta Technologies","Varteta Learning Platform Channel"
"32","Varteta Technologies","Varteta Learning Platform Channel"
"33","Varteta Technologies","Varteta Learning Platform Channel"
"34","Varteta Technologies","Varteta Learning Platform Channel"
"35","Varteta Technologies","Varteta Learning Platform Channel"
"36","Varteta Technologies","Varteta Learning Platform Channel"
"37","Varteta Technologies","Varteta Learning Platform Channel"
"38","Varteta Technologies","Varteta Learning Platform Channel"
"39","Varteta Technologies","Varteta Learning Platform Channel"
"40","Varteta Technologies","Varteta Learning Platform Channel"
"41","Varteta Technologies","Varteta Learning Platform Channel"
"42","Varteta Technologies","Varteta Learning Platform Channel"
"43","Varteta Technologies","Varteta Learning Platform Channel"
"44","Varteta Technologies","Varteta Learning Platform Channel"
"45","Varteta Technologies","Varteta Learning Platform Channel"
"46","Varteta Technologies","Varteta Learning Platform Channel"
"47","Varteta Technologies","Varteta Learning Platform Channel"
"48","Varteta Technologies","Varteta Learning Platform Channel"
"49","Varteta Technologies","Varteta Learning Platform Channel"
"50","Varteta Technologies","Varteta Learning Platform Channel"
"51","Varteta Technologies","Varteta Learning Platform Channel"
"52","Varteta Technologies","Varteta Learning Platform Channel"
"53","Varteta Technologies","Varteta Learning Platform Channel"
"54","Varteta Technologies","Varteta Learning Platform Channel"
"55","Varteta Technologies","Varteta Learning Platform Channel"
"56","Varteta Technologies","Varteta Learning Platform Channel"
"57","Varteta Technologies","Varteta Learning Platform Channel"
"58","Varteta Technologies","Varteta Learning Platform Channel"
"59","Varteta Technologies","Varteta Learning Platform Channel"
"60","Varteta Technologies","Varteta Learning Platform Channel"
"61","Varteta Technologies","Varteta Learning Platform Channel"
"62","Varteta Technologies","Varteta Learning Platform Channel"
"63","Varteta Technologies","Varteta Learning Platform Channel"
"64","Varteta Technologies","Varteta Learning Platform Channel"
"65","Varteta Technologies","Varteta Learning Platform Channel"
"66","Varteta Technologies","Varteta Learning Platform Channel"
"67","Varteta Technologies","Varteta Learning Platform Channel"
"68","Varteta Technologies","Varteta Learning Platform Channel"
"69","Varteta Technologies","Varteta Learning Platform Channel"
"70","Varteta Technologies","Varteta Learning Platform Channel"
"71","Varteta Technologies","Varteta Learning Platform Channel"
"72","Varteta Technologies","Varteta Learning Platform Channel"
"73","Varteta Technologies","Varteta Learning Platform Channel"
"74","Varteta Technologies","Varteta Learning Platform Channel"
"75","Varteta Technologies","Varteta Learning Platform Channel"
"76","Varteta Technologies","Varteta Learning Platform Channel"
"77","Varteta Technologies","Varteta Learning Platform Channel"
"78","Varteta Technologies","Varteta Learning Platform Channel"
"79","Varteta Technologies","Varteta Learning Platform Channel"
"80","Varteta Technologies","Varteta Learning Platform Channel"
"81","Varteta Technologies","Varteta Learning Platform Channel"
"82","Varteta Technologies","Varteta Learning Platform Channel"
"83","Varteta Technologies","Varteta Learning Platform Channel"
"84","Varteta Technologies","Varteta Learning Platform Channel"
"85","Varteta Technologies","Varteta Learning Platform Channel"
"86","Varteta Technologies","Varteta Learning Platform Channel"
"87","Varteta Technologies","Varteta Learning Platform Channel"
"88","Varteta Technologies","Varteta Learning Platform Channel"
"89","Varteta Technologies","Varteta Learning Platform Channel"
"90","Varteta Technologies","Varteta Learning Platform Channel"
"91","Varteta Technologies","Varteta Learning Platform Channel"
"92","Varteta Technologies","Varteta Learning Platform Channel"
"93","Varteta Technologies","Varteta Learning Platform Channel"
"94","Varteta Technologies","Varteta Learning Platform Channel"
"95","Varteta Technologies","Varteta Learning Platform Channel"
"96","Varteta Technologies","Varteta Learning Platform Channel"
"97","Varteta Technologies","Varteta Learning Platform Channel"
"98","Varteta Technologies","Varteta Learning Platform Channel"
"99","Varteta Technologies","Varteta Learning Platform Channel"
"100","Varteta Technologies","Varteta Learning Platform Channel"
"101","Varteta Technologies","Varteta Learning Platform Channel"
"102","Varteta Technologies","Varteta Learning Platform Channel"
"103","Varteta Technologies","Varteta Learning Platform Channel"
"104","Varteta Technologies","Varteta Learning Platform Channel"
"105","Varteta Technologies","Varteta Learning Platform Channel"
"106","Varteta Technologies","Varteta Learning Platform Channel"
"107","Varteta Technologies","Varteta Learning Platform Channel"
"108","Varteta Technologies","Varteta Learning Platform Channel"
"109","Varteta Technologies","Varteta Learning Platform Channel"
"110","Varteta Technologies","Varteta Learning Platform Channel"
"111","Varteta Technologies","Varteta Learning Platform Channel"
"112","Varteta Technologies","Varteta Learning Platform Channel"
"113","Varteta Technologies","Varteta Learning Platform Channel"
"114","Varteta Technologies","Varteta Learning Platform Channel"
"115","Varteta Technologies","Varteta Learning Platform Channel"
"116","Varteta Technologies","Varteta Learning Platform Channel"
"117","Varteta Technologies","Varteta Learning Platform Channel"
"118","Varteta Technologies","Varteta Learning Platform Channel"
"119","Varteta Technologies","Varteta Learning Platform Channel"
"120","Varteta Technologies","Varteta Learning Platform Channel"
"121","Varteta Technologies","Varteta Learning Platform Channel"
"122","Varteta Technologies","Varteta Learning Platform Channel"
"123","Varteta Technologies","Varteta Learning Platform Channel"
"124","Varteta Technologies","Varteta Learning Platform Channel"
"125","Varteta Technologies","Varteta Learning Platform Channel"
"126","Varteta Technologies","Varteta Learning Platform Channel"
"127","Varteta Technologies","Varteta Learning Platform Channel"
"128","Varteta Technologies","Varteta Learning Platform Channel"
"129","Varteta Technologies","Varteta Learning Platform Channel"
"130","Varteta Technologies","Varteta Learning Platform Channel"
"131","Varteta Technologies","Varteta Learning Platform Channel"
"132","Varteta Technologies","Varteta Learning Platform Channel"
"133","Varteta Technologies","Varteta Learning Platform Channel"
"134","Varteta Technologies","Varteta Learning Platform Channel"
"135","Varteta Technologies","Varteta Learning Platform Channel"
"136","Varteta Technologies","Varteta Learning Platform Channel"
"137","Varteta Technologies","Varteta Learning Platform Channel"
"138","Varteta Technologies","Varteta Learning Platform Channel"
"139","Varteta Technologies","Varteta Learning Platform Channel"
"140","Varteta Technologies","Varteta Learning Platform Channel"
"141","Varteta Technologies","Varteta Learning Platform Channel"
"142","Varteta Technologies","Varteta Learning Platform Channel"
"143","Varteta Technologies","Varteta Learning Platform Channel"
"144","Varteta Technologies","Varteta Learning Platform Channel"
"145","Varteta Technologies","Varteta Learning Platform Channel"
"146","Varteta Technologies","Varteta Learning Platform Channel"
"147","Varteta Technologies","Varteta Learning Platform Channel"
"148","Varteta Technologies","Varteta Learning Platform Channel"
"149","Varteta Technologies","Varteta Learning Platform Channel"
"150","Varteta Technologies","Varteta Learning Platform Channel"
"151","Varteta Technologies","Varteta Learning Platform Channel"
"152","Varteta Technologies","Varteta Learning Platform Channel"
"153","Varteta Technologies","Varteta Learning Platform Channel"
"154","Varteta Technologies","Varteta Learning Platform Channel"
"155","Varteta Technologies","Varteta Learning Platform Channel"
"156","Varteta Technologies","Varteta Learning Platform Channel"
"157","Varteta Technologies","Varteta Learning Platform Channel"
"158","Varteta Technologies","Varteta Learning Platform Channel"
"159","Varteta Technologies","Varteta Learning Platform Channel"
"160","Varteta Technologies","Varteta Learning Platform Channel"
"161","Varteta Technologies","Varteta Learning Platform Channel"
"162","Varteta Technologies","Varteta Learning Platform Channel"
"163","Varteta Technologies","Varteta Learning Platform Channel"
"164","Varteta Technologies","Varteta Learning Platform Channel"
"165","Varteta Technologies","Varteta Learning Platform Channel"
"166","Varteta Technologies","Varteta Learning Platform Channel"
"167","Varteta Technologies","Varteta Learning Platform Channel"
"168","Varteta Technologies","Varteta Learning Platform Channel"
"169","Varteta Technologies","Varteta Learning Platform Channel"
"170","Varteta Technologies","Varteta Learning Platform Channel"
"171","Varteta Technologies","Varteta Learning Platform Channel"
"172","Varteta Technologies","Varteta Learning Platform Channel"
"173","Varteta Technologies","Varteta Learning Platform Channel"
"174","Varteta Technologies","Varteta Learning Platform Channel"
"175","Varteta Technologies","Varteta Learning Platform Channel"
"176","Varteta Technologies","Varteta Learning Platform Channel"
"177","Varteta Technologies","Varteta Learning Platform Channel"
"178","Varteta Technologies","Varteta Learning Platform Channel"
"179","Varteta Technologies","Varteta Learning Platform Channel"
"180","Varteta Technologies","Varteta Learning Platform Channel"
"181","Varteta Technologies","Varteta Learning Platform Channel"
"182","Varteta Technologies","Varteta Learning Platform Channel"
"183","Varteta Technologies","Varteta Learning Platform Channel"
"184","Varteta Technologies","Varteta Learning Platform Channel"
"185","Varteta Technologies","Varteta Learning Platform Channel"
"186","Varteta Technologies","Varteta Learning Platform Channel"
"187","Varteta Technologies","Varteta Learning Platform Channel"
"188","Varteta Technologies","Varteta Learning Platform Channel"
"189","Varteta Technologies","Varteta Learning Platform Channel"
"190","Varteta Technologies","Varteta Learning Platform Channel"
"191","Varteta Technologies","Varteta Learning Platform Channel"
"192","Varteta Technologies","Varteta Learning Platform Channel"
"193","Varteta Technologies","Varteta Learning Platform Channel"
"194","Varteta Technologies","Varteta Learning Platform Channel"
"195","Varteta Technologies","Varteta Learning Platform Channel"
"196","Varteta Technologies","Varteta Learning Platform Channel"
"197","Varteta Technologies","Varteta Learning Platform Channel"
"198","Varteta Technologies","Varteta Learning Platform Channel"
"199","Varteta Technologies","Varteta Learning Platform Channel"
"200","Varteta Technologies","Varteta Learning Platform Channel"
"201","Varteta Technologies","Varteta Learning Platform Channel"
"202","Varteta Technologies","Varteta Learning Platform Channel"
"203","Varteta Technologies","Varteta Learning Platform Channel"
"204","Varteta Technologies","Varteta Learning Platform Channel"
"205","Varteta Technologies","Varteta Learning Platform Channel"
"206","Varteta Technologies","Varteta Learning Platform Channel"
"207","Varteta Technologies","Varteta Learning Platform Channel"
"208","Varteta Technologies","Varteta Learning Platform Channel"
"209","Varteta Technologies","Varteta Learning Platform Channel"
"210","Varteta Technologies","Varteta Learning Platform Channel"
"211","Varteta Technologies","Varteta Learning Platform Channel"
"212","Varteta Technologies","Varteta Learning Platform Channel"
"213","Varteta Technologies","Varteta Learning Platform Channel"
"214","Varteta Technologies","Varteta Learning Platform Channel"
"215","Varteta Technologies","Varteta Learning Platform Channel"
"216","Varteta Technologies","Varteta Learning Platform Channel"
"217","Varteta Technologies","Varteta Learning Platform Channel"
"218","Varteta Technologies","Varteta Learning Platform Channel"
"219","Varteta Technologies","Varteta Learning Platform Channel"
"220","Varteta Technologies","Varteta Learning Platform Channel"
"221","Varteta Technologies","Varteta Learning Platform Channel"
"222","Varteta Technologies","Varteta Learning Platform Channel"
"223","Varteta Technologies","Varteta Learning Platform Channel"
"224","Varteta Technologies","Varteta Learning Platform Channel"
"225","Varteta Technologies","Varteta Learning Platform Channel"
"226","Varteta Technologies","Varteta Learning Platform Channel"
"227","Varteta Technologies","Varteta Learning Platform Channel"
"228","Varteta Technologies","Varteta Learning Platform Channel"
"229","Varteta Technologies","Varteta Learning Platform Channel"
"230","Varteta Technologies","Varteta Learning Platform Channel"
"231","Varteta Technologies","Varteta Learning Platform Channel"
"232","Varteta Technologies","Varteta Learning Platform Channel"
"233","Varteta Technologies","Varteta Learning Platform Channel"
"234","Varteta Technologies","Varteta Learning Platform Channel"
"235","Varteta Technologies","Varteta Learning Platform Channel"
"236","Varteta Technologies","Varteta Learning Platform Channel"
"237","Varteta Technologies","Varteta Learning Platform Channel"
"238","Varteta Technologies","Varteta Learning Platform Channel"
"239","Varteta Technologies","Varteta Learning Platform Channel"
"240","Varteta Technologies","Varteta Learning Platform Channel"
"241","Varteta Technologies","Varteta Learning Platform Channel"
"242","Varteta Technologies","Varteta Learning Platform Channel"
"243","Varteta Technologies","Varteta Learning Platform Channel"
"244","Varteta Technologies","Varteta Learning Platform Channel"
"245","Varteta Technologies","Varteta Learning Platform Channel"
"246","Varteta Technologies","Varteta Learning Platform Channel"
"247","Varteta Technologies","Varteta Learning Platform Channel"
"248","Varteta Technologies","Varteta Learning Platform Channel"
"249","Varteta Technologies","Varteta Learning Platform Channel"
"250","Varteta Technologies","Varteta Learning Platform Channel"
"251","Varteta Technologies","Varteta Learning Platform Channel"
"252","Varteta Technologies","Varteta Learning Platform Channel"
"253","Varteta Technologies","Varteta Learning Platform Channel"
"254","Varteta Technologies","Varteta Learning Platform Channel"
"255","Varteta Technologies","Varteta Learning Platform Channel"
"256","Varteta Technologies","Varteta Learning Platform Channel"
"257","Varteta Technologies","Varteta Learning Platform Channel"
"258","Varteta Technologies","Varteta Learning Platform Channel"
"259","Varteta Technologies","Varteta Learning Platform Channel"
"260","Varteta Technologies","Varteta Learning Platform Channel"
"261","Varteta Technologies","Varteta Learning Platform Channel"
"262","Varteta Technologies","Varteta Learning Platform Channel"
"263","Varteta Technologies","Varteta Learning Platform Channel"
"264","Varteta Technologies","Varteta Learning Platform Channel"
"265","Varteta Technologies","Varteta Learning Platform Channel"
"266","Varteta Technologies","Varteta Learning Platform Channel"
"267","Varteta Technologies","Varteta Learning Platform Channel"
"268","Varteta Technologies","Varteta Learning Platform Channel"
"269","Varteta Technologies","Varteta Learning Platform Channel"
"270","Varteta Technologies","Varteta Learning Platform Channel"
"271","Varteta Technologies","Varteta Learning Platform Channel"
"272","Varteta Technologies","Varteta Learning Platform Channel"
"273","Varteta Technologies","Varteta Learning Platform Channel"
"274","Varteta Technologies","Varteta Learning Platform Channel"
"275","Varteta Technologies","Varteta Learning Platform Channel"
"276","Varteta Technologies","Varteta Learning Platform Channel"
"277","Varteta Technologies","Varteta Learning Platform Channel"
"278","Varteta Technologies","Varteta Learning Platform Channel"
"279","Varteta Technologies","Varteta Learning Platform Channel"
"280","Varteta Technologies","Varteta Learning Platform Channel"
"281","Varteta Technologies","Varteta Learning Platform Channel"
"282","Varteta Technologies","Varteta Learning Platform Channel"
"283","Varteta Technologies","Varteta Learning Platform Channel"
"284","Varteta Technologies","Varteta Learning Platform Channel"
"285","Varteta Technologies","Varteta Learning Platform Channel"
"286","Varteta Technologies","Varteta Learning Platform Channel"
"287","Varteta Technologies","Varteta Learning Platform Channel"
"288","Varteta Technologies","Varteta Learning Platform Channel"
"289","Varteta Technologies","Varteta Learning Platform Channel"
"290","Varteta Technologies","Varteta Learning Platform Channel"
"291","Varteta Technologies","Varteta Learning Platform Channel"
"292","Varteta Technologies","Varteta Learning Platform Channel"
"293","Varteta Technologies","Varteta Learning Platform Channel"
"294","Varteta Technologies","Varteta Learning Platform Channel"
"295","Varteta Technologies","Varteta Learning Platform Channel"
"296","Varteta Technologies","Varteta Learning Platform Channel"
"297","Varteta Technologies","Varteta Learning Platform Channel"
"298","Varteta Technologies","Varteta Learning Platform Channel"
"299","Varteta Technologies","Varteta Learning Platform Channel"
"300","Varteta Technologies","Varteta Learning Platform Channel"
"301","Varteta Technologies","Varteta Learning Platform Channel"
"302","Varteta Technologies","Varteta Learning Platform Channel"
"303","Varteta Technologies","Varteta Learning Platform Channel"
"304","Varteta Technologies","Varteta Learning Platform Channel"
"305","Varteta Technologies","Varteta Learning Platform Channel"
"306","Varteta Technologies","Varteta Learning Platform Channel"
"307","Varteta Technologies","Varteta Learning Platform Channel"
"308","Varteta Technologies","Varteta Learning Platform Channel"
"309","Varteta Technologies","Varteta Learning Platform Channel"
"310","Varteta Technologies","Varteta Learning Platform Channel"
"311","Varteta Technologies","Varteta Learning Platform Channel"
"312","Varteta Technologies","Varteta Learning Platform Channel"
"313","Varteta Technologies","Varteta Learning Platform Channel"
"314","Varteta Technologies","Varteta Learning Platform Channel"
"315","Varteta Technologies","Varteta Learning Platform Channel"
"316","Varteta Technologies","Varteta Learning Platform Channel"
"317","Varteta Technologies","Varteta Learning Platform Channel"
"318","Varteta Technologies","Varteta Learning Platform Channel"
"319","Varteta Technologies","Varteta Learning Platform Channel"
"320","Varteta Technologies","Varteta Learning Platform Channel"
"321","Varteta Technologies","Varteta Learning Platform Channel"
"322","Varteta Technologies","Varteta Learning Platform Channel"
"323","Varteta Technologies","Varteta Learning Platform Channel"
"324","Varteta Technologies","Varteta Learning Platform Channel"
"325","Varteta Technologies","Varteta Learning Platform Channel"
"326","Varteta Technologies","Varteta Learning Platform Channel"
"327","Varteta Technologies","Varteta Learning Platform Channel"
"328","Varteta Technologies","Varteta Learning Platform Channel"
"329","Varteta Technologies","Varteta Learning Platform Channel"
"330","Varteta Technologies","Varteta Learning Platform Channel"
"331","Varteta Technologies","Varteta Learning Platform Channel"
"332","Varteta Technologies","Varteta Learning Platform Channel"
"333","Varteta Technologies","Varteta Learning Platform Channel"
"334","Varteta Technologies","Varteta Learning Platform Channel"
"335","Varteta Technologies","Varteta Learning Platform Channel"
"336","Varteta Technologies","Varteta Learning Platform Channel"
"337","Varteta Technologies","Varteta Learning Platform Channel"
"338","Varteta Technologies","Varteta Learning Platform Channel"
"339","Varteta Technologies","Varteta Learning Platform Channel"
"340","Varteta Technologies","Varteta Learning Platform Channel"
"341","Varteta Technologies","Varteta Learning Platform Channel"
"342","Varteta Technologies","Varteta Learning Platform Channel"
"343","Varteta Technologies","Varteta Learning Platform Channel"
"344","Varteta Technologies","Varteta Learning Platform Channel"
"345","Varteta Technologies","Varteta Learning Platform Channel"
"346","Varteta Technologies","Varteta Learning Platform Channel"
"347","Varteta Technologies","Varteta Learning Platform Channel"
"348","Varteta Technologies","Varteta Learning Platform Channel"
"349","Varteta Technologies","Varteta Learning Platform Channel"
"350","Varteta Technologies","Varteta Learning Platform Channel"
"351","Varteta Technologies","Varteta Learning Platform Channel"
"352","Varteta Technologies","Varteta Learning Platform Channel"
"353","Varteta Technologies","Varteta Learning Platform Channel"
"354","Varteta Technologies","Varteta Learning Platform Channel"
"355","Varteta Technologies","Varteta Learning Platform Channel"
"356","Varteta Technologies","Varteta Learning Platform Channel"
"357","Varteta Technologies","Varteta Learning Platform Channel"
"358","Varteta Technologies","Varteta Learning Platform Channel"
"359","Varteta Technologies","Varteta Learning Platform Channel"
"360","Varteta Technologies","Varteta Learning Platform Channel"
"361","Varteta Technologies","Varteta Learning Platform Channel"
"362","Varteta Technologies","Varteta Learning Platform Channel"
"363","Varteta Technologies","Varteta Learning Platform Channel"
"364","Varteta Technologies","Varteta Learning Platform Channel"
"365","Varteta Technologies","Varteta Learning Platform Channel"
"366","Varteta Technologies","Varteta Learning Platform Channel"
"367","Varteta Technologies","Varteta Learning Platform Channel"
"368","Varteta Technologies","Varteta Learning Platform Channel"
"369","Varteta Technologies","Varteta Learning Platform Channel"
"370","Varteta Technologies","Varteta Learning Platform Channel"
"371","Varteta Technologies","Varteta Learning Platform Channel"
"372","Varteta Technologies","Varteta Learning Platform Channel"
"373","Varteta Technologies","Varteta Learning Platform Channel"
"374","Varteta Technologies","Varteta Learning Platform Channel"
"375","Varteta Technologies","Varteta Learning Platform Channel"
"376","Varteta Technologies","Varteta Learning Platform Channel"
"377","Varteta Technologies","Varteta Learning Platform Channel"
"378","Varteta Technologies","Varteta Learning Platform Channel"
"379","Varteta Technologies","Varteta Learning Platform Channel"
"380","Varteta Technologies","Varteta Learning Platform Channel"
"381","Varteta Technologies","Varteta Learning Platform Channel"
"382","Varteta Technologies","Varteta Learning Platform Channel"
"383","Varteta Technologies","Varteta Learning Platform Channel"
"384","Varteta Technologies","Varteta Learning Platform Channel"
"385","Varteta Technologies","Varteta Learning Platform Channel"
"386","Varteta Technologies","Varteta Learning Platform Channel"
"387","Varteta Technologies","Varteta Learning Platform Channel"
"388","Varteta Technologies","Varteta Learning Platform Channel"
"389","Varteta Technologies","Varteta Learning Platform Channel"
"390","Varteta Technologies","Varteta Learning Platform Channel"
"391","Varteta Technologies","Varteta Learning Platform Channel"
"392","Varteta Technologies","Varteta Learning Platform Channel"
"393","Varteta Technologies","Varteta Learning Platform Channel"
"394","Varteta Technologies","Varteta Learning Platform Channel"
"395","Varteta Technologies","Varteta Learning Platform Channel"
"396","Varteta Technologies","Varteta Learning Platform Channel"
"397","Varteta Technologies","Varteta Learning Platform Channel"
"398","Varteta Technologies","Varteta Learning Platform Channel"
"399","Varteta Technologies","Varteta Learning Platform Channel"
"400","Varteta Technologies","Varteta Learning Platform Channel"
"401","Varteta Technologies","Varteta Learning Platform Channel"
"402","Varteta Technologies","Varteta Learning Platform Channel"
"403","Varteta Technologies","Varteta Learning Platform Channel"
"404","Varteta Technologies","Varteta Learning Platform Channel"
"405","Varteta Technologies","Varteta Learning Platform Channel"
"406","Varteta Technologies","Varteta Learning Platform Channel"
"407","Varteta Technologies","Varteta Learning Platform Channel"
"408","Varteta Technologies","Varteta Learning Platform Channel"
"409","Varteta Technologies","Varteta Learning Platform Channel"
"410","Varteta Technologies","Varteta Learning Platform Channel"
"411","Varteta Technologies","Varteta Learning Platform Channel"
"412","Varteta Technologies","Varteta Learning Platform Channel"
"413","Varteta Technologies","Varteta Learning Platform Channel"
"414","Varteta Technologies","Varteta Learning Platform Channel"
"415","Varteta Technologies","Varteta Learning Platform Channel"
"416","Varteta Technologies","Varteta Learning Platform Channel"
"417","Varteta Technologies","Varteta Learning Platform Channel"
"418","Varteta Technologies","Varteta Learning Platform Channel"
"419","Varteta Technologies","Varteta Learning Platform Channel"
"420","Varteta Technologies","Varteta Learning Platform Channel"
"421","Varteta Technologies","Varteta Learning Platform Channel"
"422","Varteta Technologies","Varteta Learning Platform Channel"
"423","Varteta Technologies","Varteta Learning Platform Channel"
"424","Varteta Technologies","Varteta Learning Platform Channel"
"425","Varteta Technologies","Varteta Learning Platform Channel"
"426","Varteta Technologies","Varteta Learning Platform Channel"
"427","Varteta Technologies","Varteta Learning Platform Channel"
"428","Varteta Technologies","Varteta Learning Platform Channel"
"429","Varteta Technologies","Varteta Learning Platform Channel"
"430","Varteta Technologies","Varteta Learning Platform Channel"
"431","Varteta Technologies","Varteta Learning Platform Channel"
"432","Varteta Technologies","Varteta Learning Platform Channel"
"433","Varteta Technologies","Varteta Learning Platform Channel"
"434","Varteta Technologies","Varteta Learning Platform Channel"
"435","Varteta Technologies","Varteta Learning Platform Channel"
"436","Varteta Technologies","Varteta Learning Platform Channel"
"437","Varteta Technologies","Varteta Learning Platform Channel"
"438","Varteta Technologies","Varteta Learning Platform Channel"
"439","Varteta Technologies","Varteta Learning Platform Channel"
"440","Varteta Technologies","Varteta Learning Platform Channel"
"441","Varteta Technologies","Varteta Learning Platform Channel"
"442","Varteta Technologies","Varteta Learning Platform Channel"
"443","Varteta Technologies","Varteta Learning Platform Channel"
"444","Varteta Technologies","Varteta Learning Platform Channel"
"445","Varteta Technologies","Varteta Learning Platform Channel"
"446","Varteta Technologies","Varteta Learning Platform Channel"
"447","Varteta Technologies","Varteta Learning Platform Channel"
"448","Varteta Technologies","Varteta Learning Platform Channel"
"449","Varteta Technologies","Varteta Learning Platform Channel"
"450","Varteta Technologies","Varteta Learning Platform Channel"
"451","Varteta Technologies","Varteta Learning Platform Channel"
"452","Varteta Technologies","Varteta Learning Platform Channel"
"453","Varteta Technologies","Varteta Learning Platform Channel"
"454","Varteta Technologies","Varteta Learning Platform Channel"
"455","Varteta Technologies","Varteta Learning Platform Channel"
"456","Varteta Technologies","Varteta Learning Platform Channel"
"457","Varteta Technologies","Varteta Learning Platform Channel"
"458","Varteta Technologies","Varteta Learning Platform Channel"
"459","Varteta Technologies","Varteta Learning Platform Channel"
"460","Varteta Technologies","Varteta Learning Platform Channel"
"461","Varteta Technologies","Varteta Learning Platform Channel"
"462","Varteta Technologies","Varteta Learning Platform Channel"
"463","Varteta Technologies","Varteta Learning Platform Channel"
"464","Varteta Technologies","Varteta Learning Platform Channel"
"465","Varteta Technologies","Varteta Learning Platform Channel"
"466","Varteta Technologies","Varteta Learning Platform Channel"
"467","Varteta Technologies","Varteta Learning Platform Channel"
"468","Varteta Technologies","Varteta Learning Platform Channel"
"469","Varteta Technologies","Varteta Learning Platform Channel"
"470","Varteta Technologies","Varteta Learning Platform Channel"
"471","Varteta Technologies","Varteta Learning Platform Channel"
"472","Varteta Technologies","Varteta Learning Platform Channel"
"473","Varteta Technologies","Varteta Learning Platform Channel"
"474","Varteta Technologies","Varteta Learning Platform Channel"
"475","Varteta Technologies","Varteta Learning Platform Channel"
"476","Varteta Technologies","Varteta Learning Platform Channel"
"477","Varteta Technologies","Varteta Learning Platform Channel"
"478","Varteta Technologies","Varteta Learning Platform Channel"
"479","Varteta Technologies","Varteta Learning Platform Channel"
"480","Varteta Technologies","Varteta Learning Platform Channel"
"481","Varteta Technologies","Varteta Learning Platform Channel"
"482","Varteta Technologies","Varteta Learning Platform Channel"
"483","Varteta Technologies","Varteta Learning Platform Channel"
"484","Varteta Technologies","Varteta Learning Platform Channel"
"485","Varteta Technologies","Varteta Learning Platform Channel"
"486","Varteta Technologies","Varteta Learning Platform Channel"
"487","Varteta Technologies","Varteta Learning Platform Channel"
"488","Varteta Technologies","Varteta Learning Platform Channel"
"489","Varteta Technologies","Varteta Learning Platform Channel"
"490","Varteta Technologies","Varteta Learning Platform Channel"
"491","Varteta Technologies","Varteta Learning Platform Channel"
"492","Varteta Technologies","Varteta Learning Platform Channel"
"493","Varteta Technologies","Varteta Learning Platform Channel"
"494","Varteta Technologies","Varteta Learning Platform Channel"
"495","Varteta Technologies","Varteta Learning Platform Channel"
"496","Varteta Technologies","Varteta Learning Platform Channel"
"497","Varteta Technologies","Varteta Learning Platform Channel"
"498","Varteta Technologies","Varteta Learning Platform Channel"
"499","Varteta Technologies","Varteta Learning Platform Channel"
"500","Varteta Technologies","Varteta Learning Platform Channel"
"501","Varteta Technologies","Varteta Learning Platform Channel"
"502","Varteta Technologies","Varteta Learning Platform Channel"
"503","Varteta Technologies","Varteta Learning Platform Channel"
"504","Varteta Technologies","Varteta Learning Platform Channel"
"505","Varteta Technologies","Varteta Learning Platform Channel"
"506","Varteta Technologies","Varteta Learning Platform Channel"
"507","Varteta Technologies","Varteta Learning Platform Channel"
"508","Varteta Technologies","Varteta Learning Platform Channel"
"509","Varteta Technologies","Varteta Learning Platform Channel"
"510","Varteta Technologies","Varteta Learning Platform Channel"
"511","Varteta Technologies","Varteta Learning Platform Channel"
"512","Varteta Technologies","Varteta Learning Platform Channel"
"513","Varteta Technologies","Varteta Learning Platform Channel"
"514","Varteta Technologies","Varteta Learning Platform Channel"
"515","Varteta Technologies","Varteta Learning Platform Channel"
"516","Varteta Technologies","Varteta Learning Platform Channel"
"517","Varteta Technologies","Varteta Learning Platform Channel"
"518","Varteta Technologies","Varteta Learning Platform Channel"
"519","Varteta Technologies","Varteta Learning Platform Channel"
"520","Varteta Technologies","Varteta Learning Platform Channel"
"521","Varteta Technologies","Varteta Learning Platform Channel"
"522","Varteta Technologies","Varteta Learning Platform Channel"
"523","Varteta Technologies","Varteta Learning Platform Channel"
"524","Varteta Technologies","Varteta Learning Platform Channel"
"525","Varteta Technologies","Varteta Learning Platform Channel"
"526","Varteta Technologies","Varteta Learning Platform Channel"
"527","Varteta Technologies","Varteta Learning Platform Channel"
"528","Varteta Technologies","Varteta Learning Platform Channel"
"529","Varteta Technologies","Varteta Learning Platform Channel"
"530","Varteta Technologies","Varteta Learning Platform Channel"
"531","Varteta Technologies","Varteta Learning Platform Channel"
"532","Varteta Technologies","Varteta Learning Platform Channel"
"533","Varteta Technologies","Varteta Learning Platform Channel"
"534","Varteta Technologies","Varteta Learning Platform Channel"
"535","Varteta Technologies","Varteta Learning Platform Channel"
"536","Varteta Technologies","Varteta Learning Platform Channel"
"537","Varteta Technologies","Varteta Learning Platform Channel"
"538","Varteta Technologies","Varteta Learning Platform Channel"
"539","Varteta Technologies","Varteta Learning Platform Channel"
"540","Varteta Technologies","Varteta Learning Platform Channel"
"541","Varteta Technologies","Varteta Learning Platform Channel"
"542","Varteta Technologies","Varteta Learning Platform Channel"
"543","Varteta Technologies","Varteta Learning Platform Channel"
"544","Varteta Technologies","Varteta Learning Platform Channel"
"545","Varteta Technologies","Varteta Learning Platform Channel"
"546","Varteta Technologies","Varteta Learning Platform Channel"
"547","Varteta Technologies","Varteta Learning Platform Channel"
"548","Varteta Technologies","Varteta Learning Platform Channel"
"549","Varteta Technologies","Varteta Learning Platform Channel"
"550","Varteta Technologies","Varteta Learning Platform Channel"
"551","Varteta Technologies","Varteta Learning Platform Channel"
"552","Varteta Technologies","Varteta Learning Platform Channel"
"553","Varteta Technologies","Varteta Learning Platform Channel"
"554","Varteta Technologies","Varteta Learning Platform Channel"
"555","Varteta Technologies","Varteta Learning Platform Channel"
"556","Varteta Technologies","Varteta Learning Platform Channel"
"557","Varteta Technologies","Varteta Learning Platform Channel"
"558","Varteta Technologies","Varteta Learning Platform Channel"
"559","Varteta Technologies","Varteta Learning Platform Channel"
"560","Varteta Technologies","Varteta Learning Platform Channel"
"561","Varteta Technologies","Varteta Learning Platform Channel"
"562","Varteta Technologies","Varteta Learning Platform Channel"
"563","Varteta Technologies","Varteta Learning Platform Channel"
"564","Varteta Technologies","Varteta Learning Platform Channel"
"565","Varteta Technologies","Varteta Learning Platform Channel"
"566","Varteta Technologies","Varteta Learning Platform Channel"
"567","Varteta Technologies","Varteta Learning Platform Channel"
"568","Varteta Technologies","Varteta Learning Platform Channel"
"569","Varteta Technologies","Varteta Learning Platform Channel"
"570","Varteta Technologies","Varteta Learning Platform Channel"
"571","Varteta Technologies","Varteta Learning Platform Channel"
"572","Varteta Technologies","Varteta Learning Platform Channel"
"573","Varteta Technologies","Varteta Learning Platform Channel"
"574","Varteta Technologies","Varteta Learning Platform Channel"
"575","Varteta Technologies","Varteta Learning Platform Channel"
"576","Varteta Technologies","Varteta Learning Platform Channel"
"577","Varteta Technologies","Varteta Learning Platform Channel"
"578","Varteta Technologies","Varteta Learning Platform Channel"
"579","Varteta Technologies","Varteta Learning Platform Channel"
"580","Varteta Technologies","Varteta Learning Platform Channel"
"581","Varteta Technologies","Varteta Learning Platform Channel"
"582","Varteta Technologies","Varteta Learning Platform Channel"
"583","Varteta Technologies","Varteta Learning Platform Channel"
"584","Varteta Technologies","Varteta Learning Platform Channel"
"585","Varteta Technologies","Varteta Learning Platform Channel"
"586","Varteta Technologies","Varteta Learning Platform Channel"
"587","Varteta Technologies","Varteta Learning Platform Channel"
"588","Varteta Technologies","Varteta Learning Platform Channel"
"589","Varteta Technologies","Varteta Learning Platform Channel"
"590","Varteta Technologies","Varteta Learning Platform Channel"
"591","Varteta Technologies","Varteta Learning Platform Channel"
"592","Varteta Technologies","Varteta Learning Platform Channel"
"593","Varteta Technologies","Varteta Learning Platform Channel"
"594","Varteta Technologies","Varteta Learning Platform Channel"
"595","Varteta Technologies","Varteta Learning Platform Channel"
"596","Varteta Technologies","Varteta Learning Platform Channel"
"597","Varteta Technologies","Varteta Learning Platform Channel"
"598","Varteta Technologies","Varteta Learning Platform Channel"
"599","Varteta Technologies","Varteta Learning Platform Channel"
"600","Varteta Technologies","Varteta Learning Platform Channel"
"601","Varteta Technologies","Varteta Learning Platform Channel"
"602","Varteta Technologies","Varteta Learning Platform Channel"
"603","Varteta Technologies","Varteta Learning Platform Channel"
"604","Varteta Technologies","Varteta Learning Platform Channel"
"605","Varteta Technologies","Varteta Learning Platform Channel"
"606","Varteta Technologies","Varteta Learning Platform Channel"
"607","Varteta Technologies","Varteta Learning Platform Channel"
"608","Varteta Technologies","Varteta Learning Platform Channel"
"609","Varteta Technologies","Varteta Learning Platform Channel"
"610","Varteta Technologies","Varteta Learning Platform Channel"
"611","Varteta Technologies","Varteta Learning Platform Channel"
"612","Varteta Technologies","Varteta Learning Platform Channel"
"613","Varteta Technologies","Varteta Learning Platform Channel"
"614","Varteta Technologies","Varteta Learning Platform Channel"
"615","Varteta Technologies","Varteta Learning Platform Channel"
"616","Varteta Technologies","Varteta Learning Platform Channel"
"617","Varteta Technologies","Varteta Learning Platform Channel"
"618","Varteta Technologies","Varteta Learning Platform Channel"
"619","Varteta Technologies","Varteta Learning Platform Channel"
"620","Varteta Technologies","Varteta Learning Platform Channel"
"621","Varteta Technologies","Varteta Learning Platform Channel"
"622","Varteta Technologies","Varteta Learning Platform Channel"
"623","Varteta Technologies","Varteta Learning Platform Channel"
"624","Varteta Technologies","Varteta Learning Platform Channel"
"625","Varteta Technologies","Varteta Learning Platform Channel"
"626","Varteta Technologies","Varteta Learning Platform Channel"
"627","Varteta Technologies","Varteta Learning Platform Channel"
"628","Varteta Technologies","Varteta Learning Platform Channel"
"629","Varteta Technologies","Varteta Learning Platform Channel"
"630","Varteta Technologies","Varteta Learning Platform Channel"
"631","Varteta Technologies","Varteta Learning Platform Channel"
"632","Varteta Technologies","Varteta Learning Platform Channel"
"633","Varteta Technologies","Varteta Learning Platform Channel"
"634","Varteta Technologies","Varteta Learning Platform Channel"
"635","Varteta Technologies","Varteta Learning Platform Channel"
"636","Varteta Technologies","Varteta Learning Platform Channel"
"637","Varteta Technologies","Varteta Learning Platform Channel"
"638","Varteta Technologies","Varteta Learning Platform Channel"
"639","Varteta Technologies","Varteta Learning Platform Channel"
"640","Varteta Technologies","Varteta Learning Platform Channel"
"641","Varteta Technologies","Varteta Learning Platform Channel"
"642","Varteta Technologies","Varteta Learning Platform Channel"
"643","Varteta Technologies","Varteta Learning Platform Channel"
"644","Varteta Technologies","Varteta Learning Platform Channel"
"645","Varteta Technologies","Varteta Learning Platform Channel"
"646","Varteta Technologies","Varteta Learning Platform Channel"
"647","Varteta Technologies","Varteta Learning Platform Channel"
"648","Varteta Technologies","Varteta Learning Platform Channel"
"649","Varteta Technologies","Varteta Learning Platform Channel"
"650","Varteta Technologies","Varteta Learning Platform Channel"
"651","Varteta Technologies","Varteta Learning Platform Channel"
"652","Varteta Technologies","Varteta Learning Platform Channel"
"653","Varteta Technologies","Varteta Learning Platform Channel"
"654","Varteta Technologies","Varteta Learning Platform Channel"
"655","Varteta Technologies","Varteta Learning Platform Channel"
"656","Varteta Technologies","Varteta Learning Platform Channel"
"657","Varteta Technologies","Varteta Learning Platform Channel"
"658","Varteta Technologies","Varteta Learning Platform Channel"
"659","Varteta Technologies","Varteta Learning Platform Channel"
"660","Varteta Technologies","Varteta Learning Platform Channel"
"661","Varteta Technologies","Varteta Learning Platform Channel"
"662","Varteta Technologies","Varteta Learning Platform Channel"
"663","Varteta Technologies","Varteta Learning Platform Channel"
"664","Varteta Technologies","Varteta Learning Platform Channel"
"665","Varteta Technologies","Varteta Learning Platform Channel"
"666","Varteta Technologies","Varteta Learning Platform Channel"
"667","Varteta Technologies","Varteta Learning Platform Channel"
"668","Varteta Technologies","Varteta Learning Platform Channel"
"669","Varteta Technologies","Varteta Learning Platform Channel"
"670","Varteta Technologies","Varteta Learning Platform Channel"
"671","Varteta Technologies","Varteta Learning Platform Channel"
"672","Varteta Technologies","Varteta Learning Platform Channel"
"673","Varteta Technologies","Varteta Learning Platform Channel"
"674","Varteta Technologies","Varteta Learning Platform Channel"
"675","Varteta Technologies","Varteta Learning Platform Channel"
"676","Varteta Technologies","Varteta Learning Platform Channel"
"677","Varteta Technologies","Varteta Learning Platform Channel"
"678","Varteta Technologies","Varteta Learning Platform Channel"
"679","Varteta Technologies","Varteta Learning Platform Channel"
"680","Varteta Technologies","Varteta Learning Platform Channel"
"681","Varteta Technologies","Varteta Learning Platform Channel"
"682","Varteta Technologies","Varteta Learning Platform Channel"
"683","Varteta Technologies","Varteta Learning Platform Channel"
"684","Varteta Technologies","Varteta Learning Platform Channel"
"685","Varteta Technologies","Varteta Learning Platform Channel"
"686","Varteta Technologies","Varteta Learning Platform Channel"
"687","Varteta Technologies","Varteta Learning Platform Channel"
"688","Varteta Technologies","Varteta Learning Platform Channel"
"689","Varteta Technologies","Varteta Learning Platform Channel"
"690","Varteta Technologies","Varteta Learning Platform Channel"
"691","Varteta Technologies","Varteta Learning Platform Channel"
"692","Varteta Technologies","Varteta Learning Platform Channel"
"693","Varteta Technologies","Varteta Learning Platform Channel"
"694","Varteta Technologies","Varteta Learning Platform Channel"
"695","Varteta Technologies","Varteta Learning Platform Channel"
"696","Varteta Technologies","Varteta Learning Platform Channel"
"697","Varteta Technologies","Varteta Learning Platform Channel"
"698","Varteta Technologies","Varteta Learning Platform Channel"
"699","Varteta Technologies","Varteta Learning Platform Channel"
"700","Varteta Technologies","Varteta Learning Platform Channel"
"701","Varteta Technologies","Varteta Learning Platform Channel"
"702","Varteta Technologies","Varteta Learning Platform Channel"
"703","Varteta Technologies","Varteta Learning Platform Channel"
"704","Varteta Technologies","Varteta Learning Platform Channel"
"705","Varteta Technologies","Varteta Learning Platform Channel"
"706","Varteta Technologies","Varteta Learning Platform Channel"
"707","Varteta Technologies","Varteta Learning Platform Channel"
"708","Varteta Technologies","Varteta Learning Platform Channel"
"709","Varteta Technologies","Varteta Learning Platform Channel"
"710","Varteta Technologies","Varteta Learning Platform Channel"
"711","Varteta Technologies","Varteta Learning Platform Channel"
"712","Varteta Technologies","Varteta Learning Platform Channel"
"713","Varteta Technologies","Varteta Learning Platform Channel"
"714","Varteta Technologies","Varteta Learning Platform Channel"
"715","Varteta Technologies","Varteta Learning Platform Channel"
"716","Varteta Technologies","Varteta Learning Platform Channel"
"717","Varteta Technologies","Varteta Learning Platform Channel"
"718","Varteta Technologies","Varteta Learning Platform Channel"
"719","Varteta Technologies","Varteta Learning Platform Channel"
"720","Varteta Technologies","Varteta Learning Platform Channel"
"721","Varteta Technologies","Varteta Learning Platform Channel"
"722","Varteta Technologies","Varteta Learning Platform Channel"
"723","Varteta Technologies","Varteta Learning Platform Channel"
"724","Varteta Technologies","Varteta Learning Platform Channel"
"725","Varteta Technologies","Varteta Learning Platform Channel"
"726","Varteta Technologies","Varteta Learning Platform Channel"
"727","Varteta Technologies","Varteta Learning Platform Channel"
"728","Varteta Technologies","Varteta Learning Platform Channel"
"729","Varteta Technologies","Varteta Learning Platform Channel"
"730","Varteta Technologies","Varteta Learning Platform Channel"
"731","Varteta Technologies","Varteta Learning Platform Channel"
"732","Varteta Technologies","Varteta Learning Platform Channel"
"733","Varteta Technologies","Varteta Learning Platform Channel"
"734","Varteta Technologies","Varteta Learning Platform Channel"
"735","Varteta Technologies","Varteta Learning Platform Channel"
"736","Varteta Technologies","Varteta Learning Platform Channel"
"737","Varteta Technologies","Varteta Learning Platform Channel"
"738","Varteta Technologies","Varteta Learning Platform Channel"
"739","Varteta Technologies","Varteta Learning Platform Channel"
"740","Varteta Technologies","Varteta Learning Platform Channel"
"741","Varteta Technologies","Varteta Learning Platform Channel"
"742","Varteta Technologies","Varteta Learning Platform Channel"
"743","Varteta Technologies","Varteta Learning Platform Channel"
"744","Varteta Technologies","Varteta Learning Platform Channel"
"745","Varteta Technologies","Varteta Learning Platform Channel"
"746","Varteta Technologies","Varteta Learning Platform Channel"
"747","Varteta Technologies","Varteta Learning Platform Channel"
"748","Varteta Technologies","Varteta Learning Platform Channel"
"749","Varteta Technologies","Varteta Learning Platform Channel"
"750","Varteta Technologies","Varteta Learning Platform Channel"
"751","Varteta Technologies","Varteta Learning Platform Channel"
"752","Varteta Technologies","Varteta Learning Platform Channel"
"753","Varteta Technologies","Varteta Learning Platform Channel"
"754","Varteta Technologies","Varteta Learning Platform Channel"
"755","Varteta Technologies","Varteta Learning Platform Channel"
"756","Varteta Technologies","Varteta Learning Platform Channel"
"757","Varteta Technologies","Varteta Learning Platform Channel"
"758","Varteta Technologies","Varteta Learning Platform Channel"
"759","Varteta Technologies","Varteta Learning Platform Channel"
"760","Varteta Technologies","Varteta Learning Platform Channel"
"761","Varteta Technologies","Varteta Learning Platform Channel"
"762","Varteta Technologies","Varteta Learning Platform Channel"
"763","Varteta Technologies","Varteta Learning Platform Channel"
"764","Varteta Technologies","Varteta Learning Platform Channel"
"765","Varteta Technologies","Varteta Learning Platform Channel"
"766","Varteta Technologies","Varteta Learning Platform Channel"
"767","Varteta Technologies","Varteta Learning Platform Channel"
"768","Varteta Technologies","Varteta Learning Platform Channel"
"769","Varteta Technologies","Varteta Learning Platform Channel"
"770","Varteta Technologies","Varteta Learning Platform Channel"
"771","Varteta Technologies","Varteta Learning Platform Channel"
"772","Varteta Technologies","Varteta Learning Platform Channel"
"773","Varteta Technologies","Varteta Learning Platform Channel"
"774","Varteta Technologies","Varteta Learning Platform Channel"
"775","Varteta Technologies","Varteta Learning Platform Channel"
"776","Varteta Technologies","Varteta Learning Platform Channel"
"777","Varteta Technologies","Varteta Learning Platform Channel"
"778","Varteta Technologies","Varteta Learning Platform Channel"
"779","Varteta Technologies","Varteta Learning Platform Channel"
"780","Varteta Technologies","Varteta Learning Platform Channel"
"781","Varteta Technologies","Varteta Learning Platform Channel"
"782","Varteta Technologies","Varteta Learning Platform Channel"
"783","Varteta Technologies","Varteta Learning Platform Channel"
"784","Varteta Technologies","Varteta Learning Platform Channel"
"785","Varteta Technologies","Varteta Learning Platform Channel"
"786","Varteta Technologies","Varteta Learning Platform Channel"
"787","Varteta Technologies","Varteta Learning Platform Channel"
"788","Varteta Technologies","Varteta Learning Platform Channel"
"789","Varteta Technologies","Varteta Learning Platform Channel"
"790","Varteta Technologies","Varteta Learning Platform Channel"
"791","Varteta Technologies","Varteta Learning Platform Channel"
"792","Varteta Technologies","Varteta Learning Platform Channel"
"793","Varteta Technologies","Varteta Learning Platform Channel"
"794","Varteta Technologies","Varteta Learning Platform Channel"
"795","Varteta Technologies","Varteta Learning Platform Channel"
"796","Varteta Technologies","Varteta Learning Platform Channel"
"797","Varteta Technologies","Varteta Learning Platform Channel"
"798","Varteta Technologies","Varteta Learning Platform Channel"
"799","Varteta Technologies","Varteta Learning Platform Channel"
"800","Varteta Technologies","Varteta Learning Platform Channel"
"801","Varteta Technologies","Varteta Learning Platform Channel"
"802","Varteta Technologies","Varteta Learning Platform Channel"
"803","Varteta Technologies","Varteta Learning Platform Channel"
"804","Varteta Technologies","Varteta Learning Platform Channel"
"805","Varteta Technologies","Varteta Learning Platform Channel"
"806","Varteta Technologies","Varteta Learning Platform Channel"
"807","Varteta Technologies","Varteta Learning Platform Channel"
"808","Varteta Technologies","Varteta Learning Platform Channel"
"809","Varteta Technologies","Varteta Learning Platform Channel"
"810","Varteta Technologies","Varteta Learning Platform Channel"
"811","Varteta Technologies","Varteta Learning Platform Channel"
"812","Varteta Technologies","Varteta Learning Platform Channel"
"813","Varteta Technologies","Varteta Learning Platform Channel"
"814","Varteta Technologies","Varteta Learning Platform Channel"
"815","Varteta Technologies","Varteta Learning Platform Channel"
"816","Varteta Technologies","Varteta Learning Platform Channel"
"817","Varteta Technologies","Varteta Learning Platform Channel"
"818","Varteta Technologies","Varteta Learning Platform Channel"
"819","Varteta Technologies","Varteta Learning Platform Channel"
"820","Varteta Technologies","Varteta Learning Platform Channel"
"821","Varteta Technologies","Varteta Learning Platform Channel"
"822","Varteta Technologies","Varteta Learning Platform Channel"
"823","Varteta Technologies","Varteta Learning Platform Channel"
"824","Varteta Technologies","Varteta Learning Platform Channel"
"825","Varteta Technologies","Varteta Learning Platform Channel"
"826","Varteta Technologies","Varteta Learning Platform Channel"
"827","Varteta Technologies","Varteta Learning Platform Channel"
"828","Varteta Technologies","Varteta Learning Platform Channel"
"829","Varteta Technologies","Varteta Learning Platform Channel"
"830","Varteta Technologies","Varteta Learning Platform Channel"
"831","Varteta Technologies","Varteta Learning Platform Channel"
"832","Varteta Technologies","Varteta Learning Platform Channel"
"833","Varteta Technologies","Varteta Learning Platform Channel"
"834","Varteta Technologies","Varteta Learning Platform Channel"
"835","Varteta Technologies","Varteta Learning Platform Channel"
"836","Varteta Technologies","Varteta Learning Platform Channel"
"837","Varteta Technologies","Varteta Learning Platform Channel"
"838","Varteta Technologies","Varteta Learning Platform Channel"
"839","Varteta Technologies","Varteta Learning Platform Channel"
"840","Varteta Technologies","Varteta Learning Platform Channel"
"841","Varteta Technologies","Varteta Learning Platform Channel"
"842","Varteta Technologies","Varteta Learning Platform Channel"
"843","Varteta Technologies","Varteta Learning Platform Channel"
"844","Varteta Technologies","Varteta Learning Platform Channel"
"845","Varteta Technologies","Varteta Learning Platform Channel"
"846","Varteta Technologies","Varteta Learning Platform Channel"
"847","Varteta Technologies","Varteta Learning Platform Channel"
"848","Varteta Technologies","Varteta Learning Platform Channel"
"849","Varteta Technologies","Varteta Learning Platform Channel"
"850","Varteta Technologies","Varteta Learning Platform Channel"
"851","Varteta Technologies","Varteta Learning Platform Channel"
"852","Varteta Technologies","Varteta Learning Platform Channel"
"853","Varteta Technologies","Varteta Learning Platform Channel"
"854","Varteta Technologies","Varteta Learning Platform Channel"
"855","Varteta Technologies","Varteta Learning Platform Channel"
"856","Varteta Technologies","Varteta Learning Platform Channel"
"857","Varteta Technologies","Varteta Learning Platform Channel"
"858","Varteta Technologies","Varteta Learning Platform Channel"
"859","Varteta Technologies","Varteta Learning Platform Channel"
"860","Varteta Technologies","Varteta Learning Platform Channel"
"861","Varteta Technologies","Varteta Learning Platform Channel"
"862","Varteta Technologies","Varteta Learning Platform Channel"
"863","Varteta Technologies","Varteta Learning Platform Channel"
"864","Varteta Technologies","Varteta Learning Platform Channel"
"865","Varteta Technologies","Varteta Learning Platform Channel"
"866","Varteta Technologies","Varteta Learning Platform Channel"
"867","Varteta Technologies","Varteta Learning Platform Channel"
"868","Varteta Technologies","Varteta Learning Platform Channel"
"869","Varteta Technologies","Varteta Learning Platform Channel"
"870","Varteta Technologies","Varteta Learning Platform Channel"
"871","Varteta Technologies","Varteta Learning Platform Channel"
"872","Varteta Technologies","Varteta Learning Platform Channel"
"873","Varteta Technologies","Varteta Learning Platform Channel"
"874","Varteta Technologies","Varteta Learning Platform Channel"
"875","Varteta Technologies","Varteta Learning Platform Channel"
"876","Varteta Technologies","Varteta Learning Platform Channel"
"877","Varteta Technologies","Varteta Learning Platform Channel"
"878","Varteta Technologies","Varteta Learning Platform Channel"
"879","Varteta Technologies","Varteta Learning Platform Channel"
"880","Varteta Technologies","Varteta Learning Platform Channel"
"881","Varteta Technologies","Varteta Learning Platform Channel"
"882","Varteta Technologies","Varteta Learning Platform Channel"
"883","Varteta Technologies","Varteta Learning Platform Channel"
"884","Varteta Technologies","Varteta Learning Platform Channel"
"885","Varteta Technologies","Varteta Learning Platform Channel"
"886","Varteta Technologies","Varteta Learning Platform Channel"
"887","Varteta Technologies","Varteta Learning Platform Channel"
"888","Varteta Technologies","Varteta Learning Platform Channel"
"889","Varteta Technologies","Varteta Learning Platform Channel"
"890","Varteta Technologies","Varteta Learning Platform Channel"
"891","Varteta Technologies","Varteta Learning Platform Channel"
"892","Varteta Technologies","Varteta Learning Platform Channel"
"893","Varteta Technologies","Varteta Learning Platform Channel"
"894","Varteta Technologies","Varteta Learning Platform Channel"
"895","Varteta Technologies","Varteta Learning Platform Channel"
"896","Varteta Technologies","Varteta Learning Platform Channel"
"897","Varteta Technologies","Varteta Learning Platform Channel"
"898","Varteta Technologies","Varteta Learning Platform Channel"
"899","Varteta Technologies","Varteta Learning Platform Channel"
"900","Varteta Technologies","Varteta Learning Platform Channel"
"901","Varteta Technologies","Varteta Learning Platform Channel"
"902","Varteta Technologies","Varteta Learning Platform Channel"
"903","Varteta Technologies","Varteta Learning Platform Channel"
"904","Varteta Technologies","Varteta Learning Platform Channel"
"905","Varteta Technologies","Varteta Learning Platform Channel"
"906","Varteta Technologies","Varteta Learning Platform Channel"
"907","Varteta Technologies","Varteta Learning Platform Channel"
"908","Varteta Technologies","Varteta Learning Platform Channel"
"909","Varteta Technologies","Varteta Learning Platform Channel"
"910","Varteta Technologies","Varteta Learning Platform Channel"
"911","Varteta Technologies","Varteta Learning Platform Channel"
"912","Varteta Technologies","Varteta Learning Platform Channel"
"913","Varteta Technologies","Varteta Learning Platform Channel"
"914","Varteta Technologies","Varteta Learning Platform Channel"
"915","Varteta Technologies","Varteta Learning Platform Channel"
"916","Varteta Technologies","Varteta Learning Platform Channel"
"917","Varteta Technologies","Varteta Learning Platform Channel"
"918","Varteta Technologies","Varteta Learning Platform Channel"
"919","Varteta Technologies","Varteta Learning Platform Channel"
"920","Varteta Technologies","Varteta Learning Platform Channel"
"921","Varteta Technologies","Varteta Learning Platform Channel"
"922","Varteta Technologies","Varteta Learning Platform Channel"
"923","Varteta Technologies","Varteta Learning Platform Channel"
"924","Varteta Technologies","Varteta Learning Platform Channel"
"925","Varteta Technologies","Varteta Learning Platform Channel"
"926","Varteta Technologies","Varteta Learning Platform Channel"
"927","Varteta Technologies","Varteta Learning Platform Channel"
"928","Varteta Technologies","Varteta Learning Platform Channel"
"929","Varteta Technologies","Varteta Learning Platform Channel"
"930","Varteta Technologies","Varteta Learning Platform Channel"
"931","Varteta Technologies","Varteta Learning Platform Channel"
"932","Varteta Technologies","Varteta Learning Platform Channel"
"933","Varteta Technologies","Varteta Learning Platform Channel"
"934","Varteta Technologies","Varteta Learning Platform Channel"
"935","Varteta Technologies","Varteta Learning Platform Channel"
"936","Varteta Technologies","Varteta Learning Platform Channel"
"937","Varteta Technologies","Varteta Learning Platform Channel"
"938","Varteta Technologies","Varteta Learning Platform Channel"
"939","Varteta Technologies","Varteta Learning Platform Channel"
"940","Varteta Technologies","Varteta Learning Platform Channel"
"941","Varteta Technologies","Varteta Learning Platform Channel"
"942","Varteta Technologies","Varteta Learning Platform Channel"
"943","Varteta Technologies","Varteta Learning Platform Channel"
"944","Varteta Technologies","Varteta Learning Platform Channel"
"945","Varteta Technologies","Varteta Learning Platform Channel"
"946","Varteta Technologies","Varteta Learning Platform Channel"
"947","Varteta Technologies","Varteta Learning Platform Channel"
"948","Varteta Technologies","Varteta Learning Platform Channel"
"949","Varteta Technologies","Varteta Learning Platform Channel"
"950","Varteta Technologies","Varteta Learning Platform Channel"
"951","Varteta Technologies","Varteta Learning Platform Channel"
"952","Varteta Technologies","Varteta Learning Platform Channel"
"953","Varteta Technologies","Varteta Learning Platform Channel"
"954","Varteta Technologies","Varteta Learning Platform Channel"
"955","Varteta Technologies","Varteta Learning Platform Channel"
"956","Varteta Technologies","Varteta Learning Platform Channel"
"957","Varteta Technologies","Varteta Learning Platform Channel"
"958","Varteta Technologies","Varteta Learning Platform Channel"
"959","Varteta Technologies","Varteta Learning Platform Channel"
"960","Varteta Technologies","Varteta Learning Platform Channel"
"961","Varteta Technologies","Varteta Learning Platform Channel"
"962","Varteta Technologies","Varteta Learning Platform Channel"
"963","Varteta Technologies","Varteta Learning Platform Channel"
"964","Varteta Technologies","Varteta Learning Platform Channel"
"965","Varteta Technologies","Varteta Learning Platform Channel"
"966","Varteta Technologies","Varteta Learning Platform Channel"
"967","Varteta Technologies","Varteta Learning Platform Channel"
"968","Varteta Technologies","Varteta Learning Platform Channel"
"969","Varteta Technologies","Varteta Learning Platform Channel"
"970","Varteta Technologies","Varteta Learning Platform Channel"
"971","Varteta Technologies","Varteta Learning Platform Channel"
"972","Varteta Technologies","Varteta Learning Platform Channel"
"973","Varteta Technologies","Varteta Learning Platform Channel"
"974","Varteta Technologies","Varteta Learning Platform Channel"
"975","Varteta Technologies","Varteta Learning Platform Channel"
"976","Varteta Technologies","Varteta Learning Platform Channel"
"977","Varteta Technologies","Varteta Learning Platform Channel"
"978","Varteta Technologies","Varteta Learning Platform Channel"
"979","Varteta Technologies","Varteta Learning Platform Channel"
"980","Varteta Technologies","Varteta Learning Platform Channel"
"981","Varteta Technologies","Varteta Learning Platform Channel"
"982","Varteta Technologies","Varteta Learning Platform Channel"
"983","Varteta Technologies","Varteta Learning Platform Channel"
"984","Varteta Technologies","Varteta Learning Platform Channel"
"985","Varteta Technologies","Varteta Learning Platform Channel"
"986","Varteta Technologies","Varteta Learning Platform Channel"
"987","Varteta Technologies","Varteta Learning Platform Channel"
"988","Varteta Technologies","Varteta Learning Platform Channel"
"989","Varteta Technologies","Varteta Learning Platform Channel"
"990","Varteta Technologies","Varteta Learning Platform Channel"
"991","Varteta Technologies","Varteta Learning Platform Channel"
"992","Varteta Technologies","Varteta Learning Platform Channel"
"993","Varteta Technologies","Varteta Learning Platform Channel"
"994","Varteta Technologies","Varteta Learning Platform Channel"
"995","Varteta Technologies","Varteta Learning Platform Channel"
"996","Varteta Technologies","Varteta Learning Platform Channel"
"997","Varteta Technologies","Varteta Learning Platform Channel"
"998","Varteta Technologies","Varteta Learning Platform Channel"
"999","Varteta Technologies","Varteta Learning Platform Channel"
